DATE,INDEX_RETURN,TRADING_VALUE_MN,FOREIGN_NET_MN,INSTITUTION_NET_MN,RETAIL_NET_MN
2022-01-03,0.0,120000.0,0.0,0.0,0.0
2022-01-04,-0.008964612231185928,144051.9606932065,207.28196214295565,-173.96634888670422,-109.89016024779643
2022-01-05,0.005273373219231004,108234.99307270374,210.65091379343068,-36.54267903200787,-101.69446243441172
2022-01-06,0.0006930973320073816,130066.77676827351,327.85418630553227,109.52556665164886,-63.43195819189468
2022-01-07,-0.0014783229708602397,144141.8601056473,81.27709902116396,84.56635083413671,-48.93156031236536
2022-01-10,-0.003274551040097989,145202.9228674327,115.4496889209683,-126.54879610023046,-104.83880734804856
2022-01-11,0.01493380186788821,134064.1249350575,8.91504940828564,19.632220429813387,184.91678341190956
2022-01-12,0.007857832052264998,141044.2436661607,-43.119502904228995,-201.37597469784617,-2.708828965367844
2022-01-13,-0.01065096276233177,140232.7457440585,9.945275811450916,-245.83928620975394,-75.27675300749902
2022-01-14,0.006775360786935992,141957.4558909994,-87.20001775892842,170.03254596726586,-209.9059881999392
2022-01-17,0.012294614218843312,119436.94115003495,49.76504817755817,135.19262431242313,60.897340443377
2022-01-18,-0.001474537876810352,125877.75035054969,-175.8953752646383,-38.402154565443325,-75.01654927311664
2022-01-19,0.004587349972821815,121281.25028170971,-153.3422830794634,-110.74530517392569,30.97833064593194
2022-01-20,0.00011000747012590494,117729.77382375624,-34.028035070500806,-105.25414455601225,199.42929054402126
2022-01-21,1.2197333091370243e-05,123889.03004725093,111.74694116707764,-130.8884685392406,-141.6759034897803
2022-01-24,0.012019584238156899,136281.06537238465,65.27908094376299,123.84313038256768,-171.2392359295524
2022-01-25,0.009395448339036041,128567.3415217947,-76.19232600270061,198.39059380286403,-196.53946680159038
2022-01-26,0.0015597073420992118,130725.20620204449,27.710247195541143,101.13291807938228,-105.36075872181983
2022-01-27,-0.005268904573619589,126785.37369022908,127.93567819298414,41.00180985317441,89.03367720030951
2022-01-28,0.006700377562294567,142492.8404795451,102.65141795633122,-44.87164969303747,-109.80497064100292
2022-01-31,0.013511099308225185,149701.67103978948,-46.78574236622394,53.775188903581046,9.762496264508577
2022-02-01,0.016086032360761678,130009.02329180094,-38.152963480334506,151.88567910355408,58.187227302248544
2022-02-02,0.006014884979981218,122636.31828492804,-22.191146748262526,239.20392101010847,75.81492143979295
2022-02-03,-0.013095103254002111,136518.27874210296,-30.658368263334083,257.6919033965585,66.5809864955023
2022-02-04,0.0020505925164978145,117153.5097849531,-83.41213298297478,83.94333591769481,-330.0024263910844
2022-02-07,-0.023957292126290518,129445.70720876298,-30.75847548309899,2.235360999210698,-75.32872296537619
2022-02-08,-0.001966834857603386,99765.99546224471,18.297407231456294,-18.216699912047194,54.28092545069723
2022-02-09,0.007618919218552846,126978.193890794,-2.9234736374226316,-170.24438013624572,3.6363518444672076
2022-02-10,-0.0006360958860356618,150048.6740984105,-30.215770308151114,-148.30619484185235,42.60322795076264
2022-02-11,0.009387120767428455,124112.84838373736,5.854509630275182,-14.852897806274697,356.2230622297026
2022-02-14,-0.0023269104917569296,134844.7052683663,370.37758308201876,-178.21731027501573,7.793677968040714
2022-02-15,0.006038864573587029,147961.82494578464,53.43624376272726,125.71666813093826,-171.68864803578379
2022-02-16,-0.008718930233215532,124305.41957528639,212.69542932595715,-42.44567248175311,137.6375138308063
2022-02-17,0.0012560142161536377,122670.63479294119,83.57249776482168,-77.73470452084392,-92.00138258626475
2022-02-18,-0.004700422552823305,118140.74988161426,68.02621503918587,-16.61731060371789,-50.19467953119027
2022-02-21,-0.014818092985217652,137210.8514998978,-13.920003237777951,150.78604349890787,-193.6781887946239
2022-02-22,0.006547333837957204,148400.03605361807,28.40902427776281,240.52332549538147,-83.6269634589475
2022-02-23,-0.02293823026599118,116000.18386342493,31.132416221196067,117.65040596474378,-20.316356977591
2022-02-24,0.01652475004922947,134344.70819032803,-129.07530659264958,119.80314511577147,-92.32860775943124
2022-02-25,-0.015783971631800908,112575.7358576908,30.421401019613086,79.98539309670278,116.65376245496378
2022-02-28,-0.000110902460010553,119852.32127614958,205.01667497503382,95.04894476569993,-283.7762233787596
2022-03-01,-0.016874420453463525,144153.12937818706,53.17182146164427,149.2142596790368,-111.55599057261051
2022-03-02,-0.00235155456571419,136797.5744369807,287.0925372785588,27.754477566965072,-89.008986417834
2022-03-03,-0.012513177851972866,127991.43049413616,246.77302548706257,49.520346563930794,-79.76664189204453
2022-03-04,0.029153565932887034,138273.07714036255,363.6531315667557,-174.15490890472665,-215.1633715401315
2022-03-07,0.0210514705088262,149120.5244313866,413.7777460590336,7.172426072955233,-107.9028906246413
2022-03-08,-0.007327834273257935,162805.29810716695,207.451261225713,-190.57923353387991,-423.5447859196505
2022-03-09,0.023786801738160133,141865.22016008693,175.6688337971648,-227.89640971479048,-78.44753176066388
2022-03-10,0.013216458593947218,121379.26612356771,92.19986173772631,-328.1349441607813,135.34270454558745
2022-03-11,-0.010484085854672634,118498.62598710573,317.71051277744283,-3.2787012794785824,-60.67814079732915
2022-03-14,-0.012109783945222887,127186.48768420878,83.21111723072973,123.69602073656122,-252.08394292514754
2022-03-15,0.005162325208936591,123200.75173552442,98.45139300603924,103.73914091786975,-73.15964042385019
2022-03-16,-0.00317933989544181,114753.97659199192,-51.94422791124862,-61.00160409557754,-13.06222311212526
2022-03-17,0.003940631320651734,132743.48525028361,-89.61279233743586,131.51200337014896,8.719308398412348
2022-03-18,-0.00795806979134433,135205.769553299,14.800688765044008,144.68002172650287,79.02751864583325
2022-03-21,-0.014054283432443132,122016.57580285668,-115.63408958909827,33.5396573435709,-86.17727395844665
2022-03-22,-0.01042255603030853,131357.35934841022,-27.831968174164423,-165.42531658922695,173.30822706774782
2022-03-23,-0.016309609041830337,123353.31950555445,-103.5388945022215,5.919335793465379,93.88868979679862
2022-03-24,0.006262780895028153,124458.19537374264,-385.0928001964624,55.41694484617233,45.22259403577756
2022-03-25,-0.011122810294439926,143749.2967196775,-347.0463358776919,46.90216337242968,17.771294048714097
2022-03-28,0.004328320684990426,147771.01110389375,-211.9408715038156,25.826824762217818,84.72013822728039
2022-03-29,0.008215769408815753,132605.7229032932,-174.04481579027814,-1.6397268478910192,-13.151074898245042
2022-03-30,0.002933883847950814,136880.3540166048,-51.663777989374466,34.674633824507005,149.23685533345528
2022-03-31,-0.001578767285419896,126021.5502675561,-179.85713806645822,-91.79502598863456,86.6511890239488
2022-04-01,-0.0009981220139800402,121142.02553324358,-90.13240522756197,-8.308605333784644,259.9377980411911
2022-04-04,-0.00688303143023243,138071.35010951868,-118.67619889341661,75.90868983303226,-49.60225900539999
2022-04-05,-0.007063563567730132,125493.24454824036,-52.524183121593666,-53.00819920632465,-32.41609836802867
2022-04-06,-0.005170036480174799,134700.31985960653,-92.83574528879544,-41.71757720222872,188.06373722770869
2022-04-07,0.002726380077368607,139139.88144220642,-74.44834820214946,-148.4325812111232,69.30572236269963
2022-04-08,0.004046519119439294,134955.8637927663,118.91936796352779,-60.41292756242246,88.09112900960629
2022-04-11,0.002468982819351689,114854.87908281927,74.07796258264987,12.907667977334647,-221.67534667931957
2022-04-12,0.011735471439554515,138025.34308286922,88.88342064534032,69.69750818048186,56.03578608563148
2022-04-13,-0.01463412900201456,138397.50954497623,76.66985903473594,7.493790210083915,-56.963556664158965
2022-04-14,-0.01456276647114076,121844.68896264648,-39.90813359054252,139.3142179584434,-139.72386626471553
2022-04-15,0.005843831590366203,112404.42310466112,-82.92852075584392,115.8727947650298,-69.1009054447017
2022-04-18,-0.0028198564684039783,145574.51527419785,-102.88551329803505,38.103630294102565,-145.23621628612733
2022-04-19,-0.02901542465735559,135204.3459444002,-141.75394612094644,-226.66998469269825,-9.930180498822132
2022-04-20,0.010683324296794071,134322.1600467454,-162.58548778086288,-6.32016543486661,212.8789483510173
2022-04-21,-0.006292630191361912,122993.55939176545,-100.5550502711365,-11.550575819016476,-217.39579096845338
2022-04-22,0.00030992293225224417,130725.7494781834,-92.95370672692262,23.242406165120933,-121.97917648484616
2022-04-25,0.003908812769218645,119438.29453969703,6.15486390492201,-22.97554028742305,7.2191468710705635
2022-04-26,-0.0046427638338611835,114529.42405782001,43.05837948392634,-108.18570568688898,-150.36918377032924
2022-04-27,-0.001529752531237675,143545.48286711302,62.55611818023787,-75.6267825021566,53.122852163719855
2022-04-28,0.004714869949907161,130144.05739756412,-48.43068705991604,-139.0424242059468,-185.96899616230556
2022-04-29,-0.00807964189106899,129791.63183009438,-86.79162263282458,-34.1161213247043,22.16217734522096
2022-05-02,0.005394464705191739,142225.07621196093,247.32544179255638,-133.58561022810105,76.2761835032868
2022-05-03,-0.0008316764093994004,122959.47046612974,185.34165066213583,42.5679720308503,-8.172384490719331
2022-05-04,-0.0011831083874310104,120825.74324340503,124.1974791743853,-27.56892436655771,-60.53805813945107
2022-05-05,0.004176600185161673,119741.67690184705,45.72513463323144,-119.07702294602237,36.154302394487594
2022-05-06,-0.011579815034422325,128360.71683236664,55.495901586869,-34.90460810251902,109.4277456367656
2022-05-09,0.007705606630348957,128236.43778746166,-54.88209410373239,57.039694316433575,46.29457333650913
2022-05-10,0.018992507746006415,136736.5544995275,-123.94364404564855,-52.9693085433439,-51.76065730076474
2022-05-11,0.008292743626354303,138374.61486358714,-32.87485610745295,-21.31975946622235,-34.62381700375765
2022-05-12,-0.02098283825811298,150383.48384050373,262.53972113229685,93.81451681103803,92.42948511989532
2022-05-13,-0.024464234509396433,150241.05913708717,157.63821932259972,101.98153879791991,-89.24606385568528
2022-05-16,0.005671906239119154,135416.34364321065,147.05606641596253,39.89339619586534,-92.1241087553084
2022-05-17,0.003475308889517018,137652.52130561625,77.75573246264045,-82.66653897318318,14.481657845287117
2022-05-18,0.0112269817927184,143432.41715227248,143.24319592859285,30.766849711266225,101.95268084697571
2022-05-19,0.0013296758648157477,136278.84527881903,-37.35953427429486,101.50602468636961,-137.77606820801566
2022-05-20,-0.011693876895890078,115352.49445030323,-189.25445277708127,249.30117652071522,-28.75690101878564
2022-05-23,0.0016998786623345016,137245.50482848374,-19.33136676412981,214.45531500151174,-60.01773444800004
2022-05-24,0.0032485090186689866,134554.67363198692,68.44791562479462,195.86229998122968,-194.84401292815122
2022-05-25,0.007471209500890788,132773.97506692976,195.73688563506377,114.96441353592408,-6.114382438533184
2022-05-26,0.014300105000162964,121039.29427853013,170.70045735526577,104.3396344057605,-136.41325724724973
2022-05-27,0.007084157971883789,135061.78436173566,88.87635855748023,-179.5407434026145,-102.6891328196855
2022-05-30,0.0001062742882819869,129320.47854111051,23.62341058117765,-209.36959238062514,-40.92727476363634
2022-05-31,-0.024440272043274834,157847.88926164276,33.69950034188046,-15.404862542866297,-0.16144535211827815
2022-06-01,0.0034278826882171137,162832.51717348094,0.9543537326213851,-187.17281889270643,114.55463037021663
2022-06-02,-0.030881860732304357,166856.26334792454,-248.63063491103514,-126.2943046061912,87.69809061303098
2022-06-03,0.0018073257640146227,163889.30906461977,-388.4451469028241,104.90155635416943,233.75340505195578
2022-06-06,-0.010882268693777746,168162.07541864493,-312.1676526774237,82.44232905415193,-60.91487402563865
2022-06-07,0.00710990965814794,155025.16525988322,-314.63518836424413,9.71871634835874,314.356061165244
2022-06-08,0.00813513089169436,162470.39698388227,-384.09541080178576,54.910290085985835,-76.58113859289645
2022-06-09,-0.004007687062009123,156843.67519759852,-508.32384644326896,17.799566110337196,262.49597457296096
2022-06-10,0.015116472588392089,179843.65392066934,-208.00170302693127,-89.76839779678532,325.53276987334175
2022-06-13,-0.008076400130596394,164217.50304063936,-47.26631209594072,53.056200811351594,108.33939333680493
2022-06-14,0.008613705821023098,149791.40964315925,-67.8667342606835,-79.7114772591034,158.91509810728067
2022-06-15,0.0012111511201828848,154371.80052401754,16.834395788626935,31.808724103161456,-6.1790750295217975
2022-06-16,-0.007993102966859136,143686.59703441404,-121.91836232168365,-10.185180261041083,-246.32702575398224
2022-06-17,0.0066529935473516304,145781.6039332894,-80.85563689075482,-115.59107783147905,200.86233711051096
2022-06-20,-0.0015164967661329715,149705.09473528035,107.44558237223556,-166.78348684330442,23.956291488016902
2022-06-21,0.004449856341701385,143170.43348593317,134.51104220632362,68.54838894667724,-39.4781848968689
2022-06-22,-3.0305324403225855e-05,154585.17743383624,9.028373512978746,-40.92592403900072,-137.2770002220338
2022-06-23,0.002679782878100631,136683.69561359743,-20.45160710101666,68.49473387899279,-25.876018648974267
2022-06-24,0.009890967200901345,132922.20415977619,-79.89628418955235,-175.6268317896381,-74.74891440273976
2022-06-27,0.012857549212704027,124191.85870650504,-189.5069687106057,-198.21888179416476,183.71906040353355
2022-06-28,-0.0030842867517716123,121570.17716705977,-66.84077468129615,-188.2518963874977,113.8184900033112
2022-06-29,0.0016464479974132246,130327.79276428805,113.4699921374036,-148.58822092300122,354.20384257720605
2022-06-30,-0.011742677097571267,112900.82550533733,121.39416599477553,-78.70577834410003,30.262074636494926
2022-07-01,0.013121670841561267,130392.81115571933,120.6027076883696,-61.89924469306119,-33.922513204591255
2022-07-04,0.013165265896109635,120630.09001190093,120.33198557107293,-87.67851368019952,-18.56472667256867
2022-07-05,-0.004739942152620729,124604.95584790106,27.462761148004418,-31.54566054636893,155.48873964551774
2022-07-06,-0.007244049361905074,125684.10439307922,-52.58121929452518,-7.167545852671893,185.1772306604057
2022-07-07,-0.0043685843371076,140180.00687069242,14.247824128997479,141.96587946885674,62.44611656990868
2022-07-08,0.007617315583165184,129405.99464935399,-82.84631373724315,230.81542209821066,-47.03760755895548
2022-07-11,0.006945805469041106,136248.44811251052,-274.19756834277297,140.1492476291624,-72.74572081910833
2022-07-12,-0.011950600461865381,136825.46156170647,-64.0790257599564,57.560582257794394,-51.83641418815838
2022-07-13,-0.011100927201498792,147931.167121924,24.38332485600204,9.902093600958946,-33.10524409084164
2022-07-14,0.004175277135027602,136885.6669465403,27.038318858974183,-35.96989943250758,-305.97654398339756
2022-07-15,0.009362457383104665,125966.6066114722,-6.137821941615886,-47.536736612519746,30.1858870104505
2022-07-18,-0.009134537015013587,130120.59895112191,50.072267651623704,-50.73130423548179,294.8370621336154
2022-07-19,0.00675525155975752,128081.80351649135,-73.51331960500238,-85.40132570535371,1.7423224466846579
2022-07-20,-0.028291236645161588,129945.55508582247,-197.62567440251297,3.3273330921673505,34.106411699021955
2022-07-21,-0.018388519983343427,150615.00832536322,-65.50299923564174,-137.7311704339926,222.06421539354008
2022-07-22,0.009783553638918498,129155.62113111385,32.269615534815486,68.90745471956734,195.7292957464012
2022-07-25,0.023848568823156335,123397.61085643983,16.48054768379844,53.38604161920231,221.58609735236985
2022-07-26,-0.018950681348054384,126551.38028261228,161.54754409789962,-85.54763851797279,-114.80010551208792
2022-07-27,-0.0018282944811203199,125387.89108566726,176.6239875576999,120.83396275388671,-109.22793625583913
2022-07-28,-0.014129518460241105,131145.17055998096,79.12255176869544,-120.61375609255109,-121.38508502467391
2022-07-29,0.011795193727841196,108767.56416306412,93.34072539991558,-131.14126083876639,-201.8369997510048
2022-08-01,0.016621676864314337,137765.02081247052,145.08233519957486,-36.25802968024844,180.19841033198603
2022-08-02,-0.02161782549591971,125312.0699734318,143.25212108577833,-74.8151115171394,-49.595748165836326
2022-08-03,0.005292962310163034,122336.26439228083,14.656553517664108,28.27402518852184,96.71699978054798
2022-08-04,-0.0011486037806386347,118987.710530362,212.59337685614128,210.3167195004991,101.97250600666608
2022-08-05,3.7573774835610767e-06,135282.58977910926,189.66724121278028,106.68403822750527,-122.86939906755859
2022-08-08,-0.0004915869509584535,123181.5961425906,214.42954346933084,93.39110440546136,-141.3940623930489
2022-08-09,-0.004923434890217881,125931.64434031876,249.87438918880866,-24.16020857021087,-242.81812396881205
2022-08-10,-0.014448624441963142,138946.42380708526,291.4576088426023,-6.753381809760822,-174.64917906918774
2022-08-11,-0.0011146641680022007,137761.78127723196,358.4057207840658,-66.78897680297702,-69.81036243634216
2022-08-12,0.015717198505598877,153177.22180337878,191.19364598536805,19.190772406785136,-197.14235173169538
2022-08-15,0.005359574113846321,136243.2870714421,179.8498738803582,6.279909206091961,-154.4310084415785
2022-08-16,-0.01660955012663634,138452.71625099794,27.72352800405865,-81.64281826833215,-264.242461558885
2022-08-17,-0.015644834573576988,118251.57240543753,76.62029336701843,219.4556363415718,32.62803348488331
2022-08-18,-0.005865240361386419,137325.3981254086,60.06375567239066,88.21635896824023,-128.91770615659016
2022-08-19,-0.003680457128417382,128328.77200946075,-22.76355675517643,195.26940539765178,-192.28796832353626
2022-08-22,0.0049627535864283714,127024.61577360878,-177.60160304058695,165.38219654687646,-67.34428211814092
2022-08-23,0.010878102091556837,121678.78847409827,-276.56042503193885,182.12052849763046,212.16656453011404
2022-08-24,-0.007719736931849732,132342.3892523759,-340.9615367730305,109.87576824601521,-34.62339515052395
2022-08-25,-0.027436656027332338,153684.17450971328,-368.42060414147716,138.4579827029805,451.1116768839107
2022-08-26,-0.008618377700323959,139818.11003085406,-120.510028146006,27.129515944384423,92.70540550258318
2022-08-29,-0.013300118146277753,139218.45371307433,-123.53732044021912,-204.95850885073943,-129.74691849853883
2022-08-30,-0.008175604828942203,144844.9653642247,-323.9016288283467,44.887419031617966,123.94622241275573
2022-08-31,-0.0004169501133354488,117024.08610357378,-83.3379927212761,102.47104899598185,7.419154270044515
2022-09-01,-0.01733574089142952,126492.2217323796,-263.9802015283211,131.82542533338955,281.2725587082677
2022-09-02,-0.018363663468380722,141618.37999054982,-108.50660711026896,-146.47342782626512,133.99596530298788
2022-09-05,-0.0052830169559444,120726.16670740089,-69.48524259905628,-44.796838864224476,-39.070980467412824
2022-09-06,0.013218619190298053,111872.43211614688,-84.88889595730332,-108.52911267735574,80.22016487902232
2022-09-07,-0.0014821201368981564,120498.7387133332,-267.84424378300764,13.806580600924228,-92.36064986855101
2022-09-08,-0.00857205417475706,115632.20898469977,-398.48451908090317,-191.82162645347378,36.66392136866126
2022-09-09,0.004475452847228681,144545.23523853175,-314.51309092000156,32.23069651633642,355.5600969387445
2022-09-12,-0.006388534778369439,126613.71335006146,-73.4336068807859,-220.79134860114158,27.646364379989663
2022-09-13,-0.002056060416988948,123613.80312749218,-49.21807929841482,-230.4652963252178,191.27193737679295
2022-09-14,0.009743199066205544,118400.47932500677,-18.950654626904857,-160.96359017584712,110.14316403255131
2022-09-15,-0.007081796710793917,130818.51659111098,-85.17222628604944,51.81866834587659,-6.647996559923129
2022-09-16,0.007136783464620189,134230.12325913104,114.86728891208924,22.301658817120618,6.216500069342281
2022-09-19,-0.017843521548071187,114708.86301736726,86.83525358130215,-198.33923083180258,-264.8596983630392
2022-09-20,0.017064946697991214,137272.0613194237,155.2696730707997,-186.61740065374187,-109.35202659628499
2022-09-21,-0.020249580548848033,115501.93418082618,3.2044143058574974,121.07884390291984,-127.07901518785593
2022-09-22,-0.016273654048462843,126923.90505224565,50.77345704984668,-27.675530912675484,143.64349561283458
2022-09-23,0.0004574791938553249,139034.51520559945,20.128659616186226,-56.63182049287833,34.20521937341866
2022-09-26,-0.0058758961359772,104461.04048999221,43.97187919654618,48.461362223572465,-185.4906226711672
2022-09-27,-0.015230566575819891,135539.89961362464,27.41499407950669,-160.83428436817582,114.08473640171616
2022-09-28,-0.001316449787372353,139761.93230643278,88.9466603695009,-147.2883175671474,151.21310512332224
2022-09-29,0.007008334574586755,146902.0110547057,143.7368661532692,-25.35531242565026,80.91953345966311
2022-09-30,0.005079865536546541,139207.4252167823,-117.99658784195029,-86.50369855523607,43.015109075959124
2022-10-03,-0.012056006829074376,148611.4790420169,155.40152160392387,-140.0257025355581,5.459023842847884
2022-10-04,0.016913601078099107,124898.79790356112,14.622780635387635,-18.37975178046925,146.25422253022978
2022-10-05,0.008610634827926556,154332.70851785043,-8.869414795197692,-136.4391641953304,78.38511855046536
2022-10-06,0.005879100152136155,134285.03696392584,254.53718088290236,218.53584984533504,324.1316169313029
2022-10-07,0.0009795995284747928,135079.5723867717,206.34793280857642,71.60992506242057,-249.8102807215379
2022-10-10,0.005343731179326971,144983.3766744492,83.45472135421525,118.83580103905452,-0.44953099042344036
2022-10-11,0.026701904235939024,119729.84853857801,13.405043206787338,-96.58855043819233,18.561476236527767
2022-10-12,-0.0024630354087553266,129581.10745906121,-8.96117609673159,-174.86821305352387,-40.51694600599491
2022-10-13,0.008437140920554998,134672.10467446732,126.2694614840629,-86.46745389886571,202.31642053793837
2022-10-14,0.00820299475056817,131552.78867762178,1.572674225636348,-37.08299541342758,-58.39941458152746
2022-10-17,0.002321476379201932,139802.00706015853,14.741758812869804,132.3311550802699,239.20160640253948
2022-10-18,-1.6571547094260412e-05,129388.05694312934,188.28186653902338,155.83504537055222,18.644786626561874
2022-10-19,-0.001060202322879455,127251.35439104181,87.91195919310546,305.6642082512441,-119.53671121846375
2022-10-20,-0.000986196479717278,123457.77434592352,-199.80266878465108,233.58341544416209,-349.87092076956185
2022-10-21,0.008549809810184394,136978.83685013163,-225.88557456378197,147.79409198749428,84.71177459278557
2022-10-24,-0.0075154492389213345,109484.99160743455,-97.32457561401264,149.51820681118068,-263.3370622846249
2022-10-25,-0.014155376680827494,131961.0268621712,94.03330130421861,72.93749127297949,41.86963721150405
2022-10-26,-0.0012265364364157844,140083.83131180677,181.5836072521363,116.42431331441676,41.019718150118436
2022-10-27,-0.0018666505963990062,137763.00895794062,4.03371255058444,-45.84801351691782,42.25740953569313
2022-10-28,-0.011322885626762808,113443.06924646144,263.052766920876,135.3308640325646,-53.14732233873508
2022-10-31,0.004358157939604748,126372.19965167806,17.623932859367187,-55.93836930477295,111.7510874572558
2022-11-01,-0.002432402152813607,120043.69788511131,-333.4274776051669,-18.878914448697632,33.75914484515777
2022-11-02,-0.005692442654034362,129505.63381840863,7.544524238847458,70.5405179081425,312.8987958080388
2022-11-03,0.011369855514488738,119271.08445762667,42.64354867769478,88.50221288998198,-40.25712102000194
2022-11-04,-0.0064518252518850835,97453.71447570357,-97.96717813862863,10.60392495367551,-37.566947402245475
