WEEK_END,FOREIGN_SHARE,INSTITUTION_SHARE,RETAIL_SHARE,STRUCTURAL_REGIME_RAW,STRUCTURAL_REGIME,REGIME_STATUS
2022-08-19,0.21200582784335853,0.34176751754273865,0.4462266546139029,NO_CLEAR_DOMINANT,NO_CLEAR_DOMINANT,STABLE
2022-08-26,0.46453619260535683,0.22579783079310384,0.30966597660153933,NO_CLEAR_DOMINANT,NO_CLEAR_DOMINANT,STABLE
2022-09-02,0.4085375795811321,0.28557420104242437,0.3058882193764435,NO_CLEAR_DOMINANT,NO_CLEAR_DOMINANT,STABLE
2022-09-09,0.533087869578004,0.1831187446673596,0.28379338575463625,FOREIGN_LED,NO_CLEAR_DOMINANT,TRANSITION_TO_FOREIGN_LED
2022-09-16,0.24951988632333763,0.5007210607078179,0.2497590529688446,INSTITUTION_LED,NO_CLEAR_DOMINANT,TRANSITION_TO_INSTITUTION_LED
2022-09-23,0.19918422864949245,0.37195925684944786,0.4288565145010596,NO_CLEAR_DOMINANT,NO_CLEAR_DOMINANT,STABLE
2022-09-30,0.28693646565311687,0.320218209676356,0.39284532467052724,NO_CLEAR_DOMINANT,NO_CLEAR_DOMINANT,STABLE
2022-10-07,0.31554012453390157,0.28878307756123023,0.39567679790486826,NO_CLEAR_DOMINANT,NO_CLEAR_DOMINANT,STABLE
2022-10-14,0.21883950557113171,0.4815890231446096,0.2995714712842587,NO_CLEAR_DOMINANT,NO_CLEAR_DOMINANT,STABLE
2022-10-21,0.2863728756957287,0.3894444996299162,0.32418262467435505,NO_CLEAR_DOMINANT,NO_CLEAR_DOMINANT,STABLE
2022-10-28,0.4002775870590428,0.32464212303867185,0.2750802899022854,NO_CLEAR_DOMINANT,NO_CLEAR_DOMINANT,STABLE
2022-11-04,0.38971591259841,0.19120028112627363,0.41908380627531633,NO_CLEAR_DOMINANT,NO_CLEAR_DOMINANT,STABLE
